assessmentId,scientificName,internalTaxonId,doi
3368483,Macrothele cretica,12649,https://dx.doi.org/10.2305/IUCN.UK.1996.RLTS.T12649A3368483.en
4460769,Niphargobates lefkodemonaki,14794,https://dx.doi.org/10.2305/IUCN.UK.1996.RLTS.T14794A4460769.en
5102180,Brachygonus meraculus,157591,https://dx.doi.org/10.2305/IUCN.UK.2010-1.RLTS.T157591A5102180.en
6983441,Polyommatus eleniae,173273,https://dx.doi.org/10.2305/IUCN.UK.2010-1.RLTS.T173273A6983441.en
9237349,Strongylognathus silvestrii,20938,https://dx.doi.org/10.2305/IUCN.UK.1996.RLTS.T20938A9237349.en
10360341,Epimyrma adlerzi,40730,https://dx.doi.org/10.2305/IUCN.UK.1996.RLTS.T40730A10360341.en
13309447,Colletes creticus,13304723,https://dx.doi.org/10.2305/IUCN.UK.2013-2.RLTS.T13304723A13309447.en
13309607,Colletes standfussi,13307748,https://dx.doi.org/10.2305/IUCN.UK.2013-2.RLTS.T13307748A13309607.en
13318550,Panurginus schwarzi,13317994,https://dx.doi.org/10.2305/IUCN.UK.2013-1.RLTS.T13317994A13318550.en
13321552,Ceratina teunisseni,13320615,https://dx.doi.org/10.2305/IUCN.UK.2013-1.RLTS.T13320615A13321552.en
13340046,Halictus holomelaenus,13338039,https://dx.doi.org/10.2305/IUCN.UK.2013-1.RLTS.T13338039A13340046.en
13340050,Seladonia inpilosa,13338042,https://dx.doi.org/10.2305/IUCN.UK.2013-1.RLTS.T13338042A13340050.en
17046366,Dolichopoda hussoni,17046314,https://dx.doi.org/10.2305/IUCN.UK.2016-1.RLTS.T17046314A17046366.en
17891947,Oropodisma chelmosi,16084525,https://dx.doi.org/10.2305/IUCN.UK.2016-1.RLTS.T16084525A17891947.en
18053580,Oropodisma willemsei,16084523,https://dx.doi.org/10.2305/IUCN.UK.2016-1.RLTS.T16084523A18053580.en
18407506,Oropodisma karavica,16084420,https://dx.doi.org/10.2305/IUCN.UK.2016-1.RLTS.T16084420A18407506.en
19201320,Andrena olympica,19198562,https://dx.doi.org/10.2305/IUCN.UK.2014-2.RLTS.T19198562A19201320.en
19201795,Andrena standfussorum,19198587,https://dx.doi.org/10.2305/IUCN.UK.2014-2.RLTS.T19198587A19201795.en
19201930,Andrena trikalensis,19199004,https://dx.doi.org/10.2305/IUCN.UK.2014-3.RLTS.T19199004A19201930.en
19881752,Hylaeus hellenicus,19199804,https://dx.doi.org/10.2305/IUCN.UK.2013-2.RLTS.T19199804A19881752.en
19881954,Hylaeus koenigsmanni,19199635,https://dx.doi.org/10.2305/IUCN.UK.2013-2.RLTS.T19199635A19881954.en
19882034,Hylaeus milossus,19199942,https://dx.doi.org/10.2305/IUCN.UK.2013-2.RLTS.T19199942A19882034.en
21145860,Epeolus sigillatus,19198984,https://dx.doi.org/10.2305/IUCN.UK.2014-2.RLTS.T19198984A21145860.en
21152247,Chelostoma hellenicum,19199770,https://dx.doi.org/10.2305/IUCN.UK.2014-3.RLTS.T19199770A21152247.en
21152252,Chelostoma laticaudum,19198822,https://dx.doi.org/10.2305/IUCN.UK.2014-3.RLTS.T19198822A21152252.en
21153573,Hoplitis cretaea,19199179,https://dx.doi.org/10.2305/IUCN.UK.2014-3.RLTS.T19199179A21153573.en
21153678,Hoplitis fabrei,19198606,https://dx.doi.org/10.2305/IUCN.UK.2014-3.RLTS.T19198606A21153678.en
21153856,Hoplitis graeca,19199563,https://dx.doi.org/10.2305/IUCN.UK.2014-3.RLTS.T19199563A21153856.en
21154657,Hoplitis parnesica,19198429,https://dx.doi.org/10.2305/IUCN.UK.2014-3.RLTS.T19198429A21154657.en
21154906,Osmia ariadne,19199889,https://dx.doi.org/10.2305/IUCN.UK.2014-3.RLTS.T19199889A21154906.en
21156032,Osmia mirhiji,19199847,https://dx.doi.org/10.2305/IUCN.UK.2014-3.RLTS.T19199847A21156032.en
21156038,Osmia moreensis,19199916,https://dx.doi.org/10.2305/IUCN.UK.2014-3.RLTS.T19199916A21156038.en
21461772,Nomada gruenwaldti,19198560,https://dx.doi.org/10.2305/IUCN.UK.2013-2.RLTS.T19198560A21461772.en
21462412,Nomada priesneri,19199805,https://dx.doi.org/10.2305/IUCN.UK.2014-2.RLTS.T19199805A21462412.en
21462605,Nomada standfussi,19199755,https://dx.doi.org/10.2305/IUCN.UK.2014-2.RLTS.T19199755A21462605.en
42461359,Atyaephyra strymonensis,42428291,https://dx.doi.org/10.2305/IUCN.UK.2013-1.RLTS.T42428291A42461359.en
42461459,Atyaephyra thyamisensis,42428293,https://dx.doi.org/10.2305/IUCN.UK.2013-1.RLTS.T42428293A42461459.en
42463679,Nomada cretensis,42463645,https://dx.doi.org/10.2305/IUCN.UK.2013-2.RLTS.T42463645A42463679.en
43114098,Andrena grossella,19198726,https://dx.doi.org/10.2305/IUCN.UK.2013-2.RLTS.T19198726A43114098.en
43364385,Lasioglossum leucomontanum,19199403,https://dx.doi.org/10.2305/IUCN.UK.2013-2.RLTS.T19199403A43364385.en
43365979,Lasioglossum ariadne,19199243,https://dx.doi.org/10.2305/IUCN.UK.2015-1.RLTS.T19199243A43365979.en
43509253,Andrena chelma,19199653,https://dx.doi.org/10.2305/IUCN.UK.2015-1.RLTS.T19199653A43509253.en
43509688,Andrena ebmerella,21138032,https://dx.doi.org/10.2305/IUCN.UK.2015-1.RLTS.T21138032A43509688.en
43509986,Andrena helenica,19199759,https://dx.doi.org/10.2305/IUCN.UK.2015-1.RLTS.T19199759A43509986.en
43510530,Andrena muscaria,19198891,https://dx.doi.org/10.2305/IUCN.UK.2015-1.RLTS.T19198891A43510530.en
43510570,Andrena neovirida,19199467,https://dx.doi.org/10.2305/IUCN.UK.2015-1.RLTS.T19199467A43510570.en
43959301,Anaglyptus luteofasciatus,157814,https://dx.doi.org/10.2305/IUCN.UK.2016-3.RLTS.T157814A43959301.en
43959900,Anaglyptus praecellens,157893,https://dx.doi.org/10.2305/IUCN.UK.2016-3.RLTS.T157893A43959900.en
43996816,Isotomus jarmilae,157864,https://dx.doi.org/10.2305/IUCN.UK.2016-3.RLTS.T157864A43996816.en
44113885,Ampedus karneri,157668,https://dx.doi.org/10.2305/IUCN.UK.2017-1.RLTS.T157668A44113885.en
44114151,Ampedus macedonicus,157643,https://dx.doi.org/10.2305/IUCN.UK.2017-1.RLTS.T157643A44114151.en
44114577,Ampedus minos,157495,https://dx.doi.org/10.2305/IUCN.UK.2017-1.RLTS.T157495A44114577.en
44149210,Procraerus cretensis,157759,https://dx.doi.org/10.2305/IUCN.UK.2017-1.RLTS.T157759A44149210.en
45462306,Eupholidoptera cephalonica,45462302,https://dx.doi.org/10.2305/IUCN.UK.2016-1.RLTS.T45462302A45462306.en
45462379,Eupholidoptera epirotica,45462354,https://dx.doi.org/10.2305/IUCN.UK.2016-1.RLTS.T45462354A45462379.en
45462578,Eupholidoptera leucasi,45462525,https://dx.doi.org/10.2305/IUCN.UK.2016-1.RLTS.T45462525A45462578.en
45462686,Eupholidoptera megastyla,45462624,https://dx.doi.org/10.2305/IUCN.UK.2016-1.RLTS.T45462624A45462686.en
45463162,Eupholidoptera uvarovi,45463146,https://dx.doi.org/10.2305/IUCN.UK.2016-1.RLTS.T45463146A45463162.en
45463215,Eupholidoptera forcipata,45463212,https://dx.doi.org/10.2305/IUCN.UK.2016-1.RLTS.T45463212A45463215.en
45463226,Eupholidoptera icariensis,45463223,https://dx.doi.org/10.2305/IUCN.UK.2016-1.RLTS.T45463223A45463226.en
45463236,Eupholidoptera jacquelinae,45463233,https://dx.doi.org/10.2305/IUCN.UK.2016-1.RLTS.T45463233A45463236.en
45463253,Eupholidoptera kykladica,45463250,https://dx.doi.org/10.2305/IUCN.UK.2016-1.RLTS.T45463250A45463253.en
45463288,Eupholidoptera spinigera,45463281,https://dx.doi.org/10.2305/IUCN.UK.2016-1.RLTS.T45463281A45463288.en
45463334,Eupholidoptera annamariae,45463331,https://dx.doi.org/10.2305/IUCN.UK.2016-1.RLTS.T45463331A45463334.en
45463431,Eupholidoptera astyla,45463340,https://dx.doi.org/10.2305/IUCN.UK.2016-1.RLTS.T45463340A45463431.en
45463466,Eupholidoptera feri,45463463,https://dx.doi.org/10.2305/IUCN.UK.2016-1.RLTS.T45463463A45463466.en
45463477,Eupholidoptera giuliae,45463473,https://dx.doi.org/10.2305/IUCN.UK.2016-1.RLTS.T45463473A45463477.en
45463496,Eupholidoptera latens,45463493,https://dx.doi.org/10.2305/IUCN.UK.2016-1.RLTS.T45463493A45463496.en
45463505,Eupholidoptera mariannae,45463502,https://dx.doi.org/10.2305/IUCN.UK.2016-1.RLTS.T45463502A45463505.en
45466681,Poecilimon pindos,45466678,https://dx.doi.org/10.2305/IUCN.UK.2016-1.RLTS.T45466678A45466681.en
45811388,Pseudosphegesthes bergeri,157538,https://dx.doi.org/10.2305/IUCN.UK.2016-3.RLTS.T157538A45811388.en
45812940,Purpuricenus graecus,157493,https://dx.doi.org/10.2305/IUCN.UK.2016-3.RLTS.T157493A45812940.en
45823371,Stenopterus creticus,157798,https://dx.doi.org/10.2305/IUCN.UK.2016-3.RLTS.T157798A45823371.en
45826874,Trichoferus bergeri,157771,https://dx.doi.org/10.2305/IUCN.UK.2016-3.RLTS.T157771A45826874.en
47350001,Ampedus cretensis,47262019,https://dx.doi.org/10.2305/IUCN.UK.2017-1.RLTS.T47262019A47350001.en
47350709,Ampedus vignai,47262622,https://dx.doi.org/10.2305/IUCN.UK.2017-1.RLTS.T47262622A47350709.en
47353318,Elater asmodaius,47263254,https://dx.doi.org/10.2305/IUCN.UK.2017-1.RLTS.T47263254A47353318.en
47353453,Podeonius subcyaneus,47265114,https://dx.doi.org/10.2305/IUCN.UK.2017-1.RLTS.T47265114A47353453.en
47708524,Poecilimon ikariensis,17182027,https://dx.doi.org/10.2305/IUCN.UK.2016-1.RLTS.T17182027A47708524.en
47708697,Poecilimon deplanatus,17181950,https://dx.doi.org/10.2305/IUCN.UK.2016-1.RLTS.T17181950A47708697.en
47726171,Poecilimon klausgerhardi,17182043,https://dx.doi.org/10.2305/IUCN.UK.2016-1.RLTS.T17182043A47726171.en
47995800,Sphecodes creticus,47981998,https://dx.doi.org/10.2305/IUCN.UK.2014-2.RLTS.T47981998A47995800.en
48031475,Agoliinus pittinoi,47943578,https://dx.doi.org/10.2305/IUCN.UK.2016-1.RLTS.T47943578A48031475.en
48031890,Nobius rhodiensis,47944402,https://dx.doi.org/10.2305/IUCN.UK.2016-1.RLTS.T47944402A48031890.en
48032052,Paracoptochirus kozanensis,47945259,https://dx.doi.org/10.2305/IUCN.UK.2016-1.RLTS.T47945259A48032052.en
48032062,Paracoptochirus vignai,47945322,https://dx.doi.org/10.2305/IUCN.UK.2016-1.RLTS.T47945322A48032062.en
50137978,Megachile cressa,19199706,https://dx.doi.org/10.2305/IUCN.UK.2014-3.RLTS.T19199706A50137978.en
50142482,Megachile semicircularis,19198908,https://dx.doi.org/10.2305/IUCN.UK.2014-3.RLTS.T19198908A50142482.en
53713070,Kretania psylorita,173274,https://dx.doi.org/10.2305/IUCN.UK.2015-2.RLTS.T173274A53713070.en
53714375,Hipparchia cretica,173287,https://dx.doi.org/10.2305/IUCN.UK.2015-2.RLTS.T173287A53714375.en
64557835,Coenonympha thyrsis,173214,https://dx.doi.org/10.2305/IUCN.UK.2015-2.RLTS.T173214A64557835.en
64563270,Hipparchia christenseni,173305,https://dx.doi.org/10.2305/IUCN.UK.2015-2.RLTS.T173305A64563270.en
64809060,Maniola chia,173252,https://dx.doi.org/10.2305/IUCN.UK.2015-2.RLTS.T173252A64809060.en
64821523,Pseudochazara graeca,173225,https://dx.doi.org/10.2305/IUCN.UK.2015-2.RLTS.T173225A64821523.en
64823983,Zerynthia cretica,173219,https://dx.doi.org/10.2305/IUCN.UK.2015-2.RLTS.T173219A64823983.en
69264218,Megachile rhodosiaca,19198691,https://dx.doi.org/10.2305/IUCN.UK.2015-1.RLTS.T19198691A69264218.en
69638033,Chorthippus ferdinandi,69637992,https://dx.doi.org/10.2305/IUCN.UK.2016-1.RLTS.T69637992A69638033.en
69668556,Ovaliptila kinzelbachi,69668544,https://dx.doi.org/10.2305/IUCN.UK.2016-1.RLTS.T69668544A69668556.en
69668595,Ovaliptila krueperi,69668585,https://dx.doi.org/10.2305/IUCN.UK.2016-1.RLTS.T69668585A69668595.en
69668760,Ovaliptila lindbergi,69668679,https://dx.doi.org/10.2305/IUCN.UK.2016-1.RLTS.T69668679A69668760.en
69668802,Ovaliptila nana,69668788,https://dx.doi.org/10.2305/IUCN.UK.2016-1.RLTS.T69668788A69668802.en
69668850,Ovaliptila newmanae,69668847,https://dx.doi.org/10.2305/IUCN.UK.2016-1.RLTS.T69668847A69668850.en
69669501,Ovaliptila wettsteini,69669391,https://dx.doi.org/10.2305/IUCN.UK.2016-1.RLTS.T69669391A69669501.en
69680725,Rhacocleis silvestrii,44698100,https://dx.doi.org/10.2305/IUCN.UK.2016-1.RLTS.T44698100A69680725.en
69681546,Gryllomorpha cretensis,69681526,https://dx.doi.org/10.2305/IUCN.UK.2016-1.RLTS.T69681526A69681546.en
70432562,Chorthippus lacustris,14870997,https://dx.doi.org/10.2305/IUCN.UK.2016-1.RLTS.T14870997A70432562.en
70564378,Chorthippus biroi,16084579,https://dx.doi.org/10.2305/IUCN.UK.2016-1.RLTS.T16084579A70564378.en
70564582,Chorthippus moreanus,16084612,https://dx.doi.org/10.2305/IUCN.UK.2016-1.RLTS.T16084612A70564582.en
70564761,Chorthippus parnon,16084456,https://dx.doi.org/10.2305/IUCN.UK.2016-1.RLTS.T16084456A70564761.en
70565847,Chorthippus pulloides,16084479,https://dx.doi.org/10.2305/IUCN.UK.2016-1.RLTS.T16084479A70565847.en
70565854,Chorthippus sangiorgii,16084530,https://dx.doi.org/10.2305/IUCN.UK.2016-1.RLTS.T16084530A70565854.en
70566026,Oedipoda venusta,16084625,https://dx.doi.org/10.2305/IUCN.UK.2016-1.RLTS.T16084625A70566026.en
70566490,Oropodisma kyllinii,16084417,https://dx.doi.org/10.2305/IUCN.UK.2016-1.RLTS.T16084417A70566490.en
70566509,Oropodisma lagrecai,16084623,https://dx.doi.org/10.2305/IUCN.UK.2016-1.RLTS.T16084623A70566509.en
70566636,Oropodisma parnassica,16084516,https://dx.doi.org/10.2305/IUCN.UK.2016-1.RLTS.T16084516A70566636.en
70566653,Oropodisma taygetosi,16084561,https://dx.doi.org/10.2305/IUCN.UK.2016-1.RLTS.T16084561A70566653.en
70566762,Oropodisma tymphrestosi,16084584,https://dx.doi.org/10.2305/IUCN.UK.2016-1.RLTS.T16084584A70566762.en
70567218,Pezotettix lagoi,16084574,https://dx.doi.org/10.2305/IUCN.UK.2016-1.RLTS.T16084574A70567218.en
70567692,Xerohippus solerii,16084408,https://dx.doi.org/10.2305/IUCN.UK.2016-1.RLTS.T16084408A70567692.en
70567952,Gryllotalpa krimbasi,68380920,https://dx.doi.org/10.2305/IUCN.UK.2016-1.RLTS.T68380920A70567952.en
70567979,Mogoplistes kinzelbachi,68439867,https://dx.doi.org/10.2305/IUCN.UK.2016-1.RLTS.T68439867A70567979.en
70568039,Glyphanus obtusus,44698010,https://dx.doi.org/10.2305/IUCN.UK.2016-1.RLTS.T44698010A70568039.en
70571529,Orchamus raulinii,68444850,https://dx.doi.org/10.2305/IUCN.UK.2016-1.RLTS.T68444850A70571529.en
70572638,Acrometopa cretensis,64337698,https://dx.doi.org/10.2305/IUCN.UK.2016-1.RLTS.T64337698A70572638.en
70572787,Isophya lemnotica,17181617,https://dx.doi.org/10.2305/IUCN.UK.2016-1.RLTS.T17181617A70572787.en
70577245,Leptophyes lisae,17181748,https://dx.doi.org/10.2305/IUCN.UK.2016-1.RLTS.T17181748A70577245.en
70577990,Metaplastes oertzeni,17181859,https://dx.doi.org/10.2305/IUCN.UK.2016-1.RLTS.T17181859A70577990.en
70578251,Poecilimon aegaeus,17181896,https://dx.doi.org/10.2305/IUCN.UK.2016-1.RLTS.T17181896A70578251.en
70580066,Poecilimon cretensis,17181947,https://dx.doi.org/10.2305/IUCN.UK.2016-1.RLTS.T17181947A70580066.en
70583263,Poecilimon gerlindae,17181974,https://dx.doi.org/10.2305/IUCN.UK.2016-1.RLTS.T17181974A70583263.en
70587058,Poecilimon mariannae,68458212,https://dx.doi.org/10.2305/IUCN.UK.2016-1.RLTS.T68458212A70587058.en
70588026,Poecilimon nobilis,45466621,https://dx.doi.org/10.2305/IUCN.UK.2016-1.RLTS.T45466621A70588026.en
70588521,Poecilimon obesus,45466644,https://dx.doi.org/10.2305/IUCN.UK.2016-1.RLTS.T45466644A70588521.en
70588894,Poecilimon paros,45466779,https://dx.doi.org/10.2305/IUCN.UK.2016-1.RLTS.T45466779A70588894.en
70589222,Poecilimon propinquus,68458962,https://dx.doi.org/10.2305/IUCN.UK.2016-1.RLTS.T68458962A70589222.en
70590078,Poecilimon soulion,45466695,https://dx.doi.org/10.2305/IUCN.UK.2016-1.RLTS.T45466695A70590078.en
70591713,Poecilimon thessalicus,68459242,https://dx.doi.org/10.2305/IUCN.UK.2016-1.RLTS.T68459242A70591713.en
70592575,Poecilimon veluchianus,68459544,https://dx.doi.org/10.2305/IUCN.UK.2016-1.RLTS.T68459544A70592575.en
70592810,Poecilimon werneri,68459582,https://dx.doi.org/10.2305/IUCN.UK.2016-1.RLTS.T68459582A70592810.en
70592907,Poecilimon zimmeri,68459596,https://dx.doi.org/10.2305/IUCN.UK.2016-1.RLTS.T68459596A70592907.en
70593097,Dolichopoda annae,68313516,https://dx.doi.org/10.2305/IUCN.UK.2016-1.RLTS.T68313516A70593097.en
70593507,Dolichopoda dalensi,17046304,https://dx.doi.org/10.2305/IUCN.UK.2016-1.RLTS.T17046304A70593507.en
70594412,Dolichopoda giachinoi,17046311,https://dx.doi.org/10.2305/IUCN.UK.2016-1.RLTS.T17046311A70594412.en
70594650,Dolichopoda graeca,68314157,https://dx.doi.org/10.2305/IUCN.UK.2016-1.RLTS.T68314157A70594650.en
70595042,Dolichopoda insignis,68314228,https://dx.doi.org/10.2305/IUCN.UK.2016-1.RLTS.T68314228A70595042.en
70595257,Dolichopoda ithakii,17046317,https://dx.doi.org/10.2305/IUCN.UK.2016-1.RLTS.T17046317A70595257.en
70595489,Dolichopoda kiriakii,17046320,https://dx.doi.org/10.2305/IUCN.UK.2016-1.RLTS.T17046320A70595489.en
70595921,Dolichopoda lustriae,17046297,https://dx.doi.org/10.2305/IUCN.UK.2016-1.RLTS.T17046297A70595921.en
70596147,Dolichopoda makrykapa,68314432,https://dx.doi.org/10.2305/IUCN.UK.2016-1.RLTS.T68314432A70596147.en
70596267,Dolichopoda matsakisi,68314461,https://dx.doi.org/10.2305/IUCN.UK.2016-1.RLTS.T68314461A70596267.en
70596318,Dolichopoda naxia,68314517,https://dx.doi.org/10.2305/IUCN.UK.2016-1.RLTS.T68314517A70596318.en
70613718,Dolichopoda giulianae,70613694,https://dx.doi.org/10.2305/IUCN.UK.2016-1.RLTS.T70613694A70613718.en
70613903,Troglophilus zoiai,70613898,https://dx.doi.org/10.2305/IUCN.UK.2016-1.RLTS.T70613898A70613903.en
70622869,Dolichopoda patrizii,17046324,https://dx.doi.org/10.2305/IUCN.UK.2016-1.RLTS.T17046324A70622869.en
70623051,Dolichopoda pavesii,17046327,https://dx.doi.org/10.2305/IUCN.UK.2016-1.RLTS.T17046327A70623051.en
70623319,Dolichopoda petrochilosi,68314680,https://dx.doi.org/10.2305/IUCN.UK.2016-1.RLTS.T68314680A70623319.en
70623572,Dolichopoda unicolor,68315084,https://dx.doi.org/10.2305/IUCN.UK.2016-1.RLTS.T68315084A70623572.en
70623590,Dolichopoda vandeli,68315135,https://dx.doi.org/10.2305/IUCN.UK.2016-1.RLTS.T68315135A70623590.en
70623629,Troglophilus lagoi,68485526,https://dx.doi.org/10.2305/IUCN.UK.2016-1.RLTS.T68485526A70623629.en
70623658,Troglophilus marinae,68485565,https://dx.doi.org/10.2305/IUCN.UK.2016-1.RLTS.T68485565A70623658.en
70623690,Anadrymadusa brevipennis,64529440,https://dx.doi.org/10.2305/IUCN.UK.2016-1.RLTS.T64529440A70623690.en
70623879,Bradyporus oniscus,44710646,https://dx.doi.org/10.2305/IUCN.UK.2016-1.RLTS.T44710646A70623879.en
70624269,Eupholidoptera pallipes,44711866,https://dx.doi.org/10.2305/IUCN.UK.2016-1.RLTS.T44711866A70624269.en
70624635,Parnassiana chelmos,68450071,https://dx.doi.org/10.2305/IUCN.UK.2016-1.RLTS.T68450071A70624635.en
70624651,Parnassiana coracis,68450152,https://dx.doi.org/10.2305/IUCN.UK.2016-1.RLTS.T68450152A70624651.en
70624666,Parnassiana dirphys,68450165,https://dx.doi.org/10.2305/IUCN.UK.2016-1.RLTS.T68450165A70624666.en
70624681,Parnassiana fusca,68450223,https://dx.doi.org/10.2305/IUCN.UK.2016-1.RLTS.T68450223A70624681.en
70624696,Parnassiana gionica,68450237,https://dx.doi.org/10.2305/IUCN.UK.2016-1.RLTS.T68450237A70624696.en
70624711,Parnassiana menalon,68450241,https://dx.doi.org/10.2305/IUCN.UK.2016-1.RLTS.T68450241A70624711.en
70624738,Parnassiana nigromarginata,68450251,https://dx.doi.org/10.2305/IUCN.UK.2016-1.RLTS.T68450251A70624738.en
70624763,Parnassiana panaetolikon,68450271,https://dx.doi.org/10.2305/IUCN.UK.2016-1.RLTS.T68450271A70624763.en
70624784,Parnassiana parnassica,68450303,https://dx.doi.org/10.2305/IUCN.UK.2016-1.RLTS.T68450303A70624784.en
70624834,Parnassiana parnon,68450311,https://dx.doi.org/10.2305/IUCN.UK.2016-1.RLTS.T68450311A70624834.en
70624861,Parnassiana tenuis,68450318,https://dx.doi.org/10.2305/IUCN.UK.2016-1.RLTS.T68450318A70624861.en
70624888,Parnassiana tymphiensis,68450364,https://dx.doi.org/10.2305/IUCN.UK.2016-1.RLTS.T68450364A70624888.en
70624904,Parnassiana tymphrestos,68450372,https://dx.doi.org/10.2305/IUCN.UK.2016-1.RLTS.T68450372A70624904.en
70624951,Pholidoptera lucasi,68451909,https://dx.doi.org/10.2305/IUCN.UK.2016-1.RLTS.T68451909A70624951.en
70624978,Rhacocleis agiostratica,44698034,https://dx.doi.org/10.2305/IUCN.UK.2016-1.RLTS.T44698034A70624978.en
70625066,Rhacocleis crypta,44698051,https://dx.doi.org/10.2305/IUCN.UK.2016-1.RLTS.T44698051A70625066.en
70625081,Rhacocleis derrai,44698053,https://dx.doi.org/10.2305/IUCN.UK.2016-1.RLTS.T44698053A70625081.en
70625107,Rhacocleis distinguenda,44698055,https://dx.doi.org/10.2305/IUCN.UK.2016-1.RLTS.T44698055A70625107.en
70625138,Rhacocleis edentata,44698057,https://dx.doi.org/10.2305/IUCN.UK.2016-1.RLTS.T44698057A70625138.en
70625171,Rhacocleis ferdinandi,44698059,https://dx.doi.org/10.2305/IUCN.UK.2016-1.RLTS.T44698059A70625171.en
70625186,Rhacocleis graeca,44698070,https://dx.doi.org/10.2305/IUCN.UK.2016-1.RLTS.T44698070A70625186.en
70625240,Rhacocleis insularis,44698072,https://dx.doi.org/10.2305/IUCN.UK.2016-1.RLTS.T44698072A70625240.en
70625268,Rhacocleis lithoscirtetes,44698076,https://dx.doi.org/10.2305/IUCN.UK.2016-1.RLTS.T44698076A70625268.en
70625294,Rhacocleis trilobata,44698104,https://dx.doi.org/10.2305/IUCN.UK.2016-1.RLTS.T44698104A70625294.en
70625315,Rhacocleis uvarovi,44698115,https://dx.doi.org/10.2305/IUCN.UK.2016-1.RLTS.T44698115A70625315.en
70625374,Rhacocleis werneri,44698141,https://dx.doi.org/10.2305/IUCN.UK.2016-1.RLTS.T44698141A70625374.en
70627797,Dolichopoda calidnae,70613415,https://dx.doi.org/10.2305/IUCN.UK.2016-1.RLTS.T70613415A70627797.en
70627851,Saga hellenica,68468653,https://dx.doi.org/10.2305/IUCN.UK.2016-1.RLTS.T68468653A70627851.en
74528394,Poecilimon laevissimus,68455994,https://dx.doi.org/10.2305/IUCN.UK.2016-3.RLTS.T68455994A74528394.en
87310028,Alosterna pauli,86802697,https://dx.doi.org/10.2305/IUCN.UK.2017-3.RLTS.T86802697A87310028.en
87311325,Paracorymbia picticornis,86807153,https://dx.doi.org/10.2305/IUCN.UK.2017-3.RLTS.T86807153A87311325.en
87311361,Pedostrangalia ariadne,86807269,https://dx.doi.org/10.2305/IUCN.UK.2017-3.RLTS.T86807269A87311361.en
87313606,Hymenalia elongata,86863400,https://dx.doi.org/10.2305/IUCN.UK.2017-3.RLTS.T86863400A87313606.en
87314193,Mycetochara flavicornis,86883960,https://dx.doi.org/10.2305/IUCN.UK.2017-3.RLTS.T86883960A87314193.en
87314453,Mycetochara jonica,86884024,https://dx.doi.org/10.2305/IUCN.UK.2017-3.RLTS.T86884024A87314453.en
87314522,Mycetochara myrmecophila,86884117,https://dx.doi.org/10.2305/IUCN.UK.2017-3.RLTS.T86884117A87314522.en
87341023,Mycetochara cretica,87329419,https://dx.doi.org/10.2305/IUCN.UK.2017-3.RLTS.T87329419A87341023.en
88000000,Prionotropis willemsorum,87999248,https://dx.doi.org/10.2305/IUCN.UK.2016-1.RLTS.T87999248A88000000.en
88047152,Stictoleptura slamai,88046398,https://dx.doi.org/10.2305/IUCN.UK.2017-3.RLTS.T88046398A88047152.en
90854097,Dolichopoda ochtoniai,90853972,https://dx.doi.org/10.2305/IUCN.UK.2016-3.RLTS.T90853972A90854097.en
90854152,Dolichopoda saraolacosi,90854150,https://dx.doi.org/10.2305/IUCN.UK.2016-3.RLTS.T90854150A90854152.en
90947052,Ceratophyus schaffrathi,90934784,https://dx.doi.org/10.2305/IUCN.UK.2016-1.RLTS.T90934784A90947052.en
91395333,Stictoleptura ivoroberti,91394977,https://dx.doi.org/10.2305/IUCN.UK.2017-3.RLTS.T91394977A91395333.en
98732278,Coxelus alinae,91470563,https://dx.doi.org/10.2305/IUCN.UK.2017-2.RLTS.T91470563A98732278.en
98732380,Diplagia hellenica,91473473,https://dx.doi.org/10.2305/IUCN.UK.2017-2.RLTS.T91473473A98732380.en
99773641,Rhacocleis andikithirensis,99773552,https://dx.doi.org/10.2305/IUCN.UK.2016-3.RLTS.T99773552A99773641.en
103506603,Chorthippus crassiceps,16084613,https://dx.doi.org/10.2305/IUCN.UK.2016-3.RLTS.T16084613A103506603.en
103507242,Dolichopoda cassagnaui,68313777,https://dx.doi.org/10.2305/IUCN.UK.2016-3.RLTS.T68313777A103507242.en
103507546,Dolichopoda kalithea,70613726,https://dx.doi.org/10.2305/IUCN.UK.2016-3.RLTS.T70613726A103507546.en
103507773,Dolichopoda paraskevi,68314552,https://dx.doi.org/10.2305/IUCN.UK.2016-3.RLTS.T68314552A103507773.en
103508061,Dolichopoda steriotisi,68314902,https://dx.doi.org/10.2305/IUCN.UK.2016-3.RLTS.T68314902A103508061.en
103508315,Dolichopoda thasosensis,68314976,https://dx.doi.org/10.2305/IUCN.UK.2016-3.RLTS.T68314976A103508315.en
103508476,Eupholidoptera cretica,45463437,https://dx.doi.org/10.2305/IUCN.UK.2016-3.RLTS.T45463437A103508476.en
103508875,Dolichopoda gasparoi,17046307,https://dx.doi.org/10.2305/IUCN.UK.2016-3.RLTS.T17046307A103508875.en
103509603,Poecilimon athos,17181907,https://dx.doi.org/10.2305/IUCN.UK.2016-3.RLTS.T17181907A103509603.en
103510430,Poecilimon erimanthos,17181953,https://dx.doi.org/10.2305/IUCN.UK.2016-3.RLTS.T17181953A103510430.en
103510920,Troglophilus spinulosus,68485583,https://dx.doi.org/10.2305/IUCN.UK.2016-3.RLTS.T68485583A103510920.en
138710298,Boyeria cretensis,60307,https://dx.doi.org/10.2305/IUCN.UK.2020-3.RLTS.T60307A138710298.en
138884087,Coenagrion intermedium,165504,https://dx.doi.org/10.2305/IUCN.UK.2020-3.RLTS.T165504A138884087.en
140015452,Oropodisma erymanthosi,16084372,https://dx.doi.org/10.2305/IUCN.UK.2019-1.RLTS.T16084372A140015452.en
140514673,Cordulegaster helladica,59706,https://dx.doi.org/10.2305/IUCN.UK.2020-3.RLTS.T59706A140514673.en
149163467,Katara connexa,149163465,https://dx.doi.org/10.2305/IUCN.UK.2021-3.RLTS.T149163465A149163467.en
149164125,Cheilosia katara,149164123,https://dx.doi.org/10.2305/IUCN.UK.2021-3.RLTS.T149164123A149164125.en
149164628,Xanthogramma pilosum,149164626,https://dx.doi.org/10.2305/IUCN.UK.2021-3.RLTS.T149164626A149164628.en
149164662,Xanthogramma aeginae,149164659,https://dx.doi.org/10.2305/IUCN.UK.2021-3.RLTS.T149164659A149164662.en
149165034,Merodon peloponnesius,149165032,https://dx.doi.org/10.2305/IUCN.UK.2021-3.RLTS.T149165032A149165034.en
149165102,Merodon nisi,149165099,https://dx.doi.org/10.2305/IUCN.UK.2021-3.RLTS.T149165099A149165102.en
149165216,Merodon naxius,149165213,https://dx.doi.org/10.2305/IUCN.UK.2021-3.RLTS.T149165213A149165216.en
149165324,Merodon megavidus,149165322,https://dx.doi.org/10.2305/IUCN.UK.2021-3.RLTS.T149165322A149165324.en
149165632,Brachyopa minima,149165628,https://dx.doi.org/10.2305/IUCN.UK.2021-3.RLTS.T149165628A149165632.en
149167059,Eumerus rubrum,149167049,https://dx.doi.org/10.2305/IUCN.UK.2021-3.RLTS.T149167049A149167059.en
149167142,Eumerus minotaurus,149167140,https://dx.doi.org/10.2305/IUCN.UK.2021-3.RLTS.T149167140A149167142.en
149167758,Merodon erymanthius,149167756,https://dx.doi.org/10.2305/IUCN.UK.2021-3.RLTS.T149167756A149167758.en
149167960,Merodon andriotes,149167955,https://dx.doi.org/10.2305/IUCN.UK.2021-3.RLTS.T149167955A149167960.en
149168283,Merodon caerulescens,149168281,https://dx.doi.org/10.2305/IUCN.UK.2021-3.RLTS.T149168281A149168283.en
149170438,Eumerus karyates,149170436,https://dx.doi.org/10.2305/IUCN.UK.2021-3.RLTS.T149170436A149170438.en
149171302,Brachyopa vernalis,149171300,https://dx.doi.org/10.2305/IUCN.UK.2021-3.RLTS.T149171300A149171302.en
172768416,Merodon confinium,172768413,https://dx.doi.org/10.2305/IUCN.UK.2021-3.RLTS.T172768413A172768416.en
172768523,Merodon spineus,172768520,https://dx.doi.org/10.2305/IUCN.UK.2021-3.RLTS.T172768520A172768523.en
176511953,Isophya rhodopensis ssp. leonorae,17181745,https://dx.doi.org/10.2305/IUCN.UK.2020-3.RLTS.T17181745A176511953.en
176825250,Orchamus kaltenbachi,17046338,https://dx.doi.org/10.2305/IUCN.UK.2020-3.RLTS.T17046338A176825250.en
176958611,Poecilimon artedentatus,17181904,https://dx.doi.org/10.2305/IUCN.UK.2020-3.RLTS.T17181904A176958611.en
177074359,Purpuricenus schurmanni,47251891,https://dx.doi.org/10.2305/IUCN.UK.2020-3.RLTS.T47251891A177074359.en
177253381,Triplax emgei,157580,https://dx.doi.org/10.2305/IUCN.UK.2020-3.RLTS.T157580A177253381.en
179993092,Merodon medium,175944745,https://dx.doi.org/10.2305/IUCN.UK.2021-3.RLTS.T175944745A179993092.en
179993389,Merodon olympius,175944635,https://dx.doi.org/10.2305/IUCN.UK.2021-3.RLTS.T175944635A179993389.en
179993901,Merodon atricapillatus,175922919,https://dx.doi.org/10.2305/IUCN.UK.2021-3.RLTS.T175922919A179993901.en
179993994,Merodon rojoi,175923879,https://dx.doi.org/10.2305/IUCN.UK.2021-3.RLTS.T175923879A179993994.en
188013205,Cordulegaster helladica ssp. buchholzi,63226,https://dx.doi.org/10.2305/IUCN.UK.2020-3.RLTS.T63226A188013205.en
188016479,Cordulegaster helladica ssp. helladica,165533,https://dx.doi.org/10.2305/IUCN.UK.2020-3.RLTS.T165533A188016479.en
188019481,Cordulegaster helladica ssp. kastalia,63227,https://dx.doi.org/10.2305/IUCN.UK.2020-3.RLTS.T63227A188019481.en
191489906,Cheilosia candida,188456986,https://dx.doi.org/10.2305/IUCN.UK.2021-3.RLTS.T188456986A191489906.en
194174834,Paragus thracusi,194174678,https://dx.doi.org/10.2305/IUCN.UK.2021-3.RLTS.T194174678A194174834.en
